<?xml version="1.0" encoding="UTF-8"?>
<beans xmlns="http://www.springframework.org/schema/beans"
	xmlns:xsi="http://www.w3.org/2001/XMLSchema-instance"
	xmlns:context="http://www.springframework.org/schema/context"
	xmlns:mvc="http://www.springframework.org/schema/mvc"
	xsi:schemaLocation="http://www.springframework.org/schema/mvc http://www.springframework.org/schema/mvc/spring-mvc-4.3.xsd
		http://www.springframework.org/schema/beans https://www.springframework.org/schema/beans/spring-beans.xsd
		http://www.springframework.org/schema/context http://www.springframework.org/schema/context/spring-context-4.3.xsd">
	
    <!-- servlet-context.xml -->		
    <!-- mvc 사용은 반드시 다음 2개는 필수적으로 설정한다. -->
    <mvc:annotation-driven />
    <mvc:default-servlet-handler/>
    
    <mvc:interceptors>
     <mvc:interceptor>
       <mvc:mapping path="/mypage"/>
       	<ref bean="xxx"/>
     </mvc:interceptor>
    </mvc:interceptors>
    
    
    <!-- jsp 전담 ViewResolver -->
    <bean id="jsp" class="org.springframework.web.servlet.view.InternalResourceViewResolver">
      <property name="prefix" value="/WEB-INF/views/" /> 
      <property name="suffix" value=".jsp" /> 
    </bean>
    
    
    <!-- Controller 등록 -->
    <context:component-scan base-package="com.*" />
</beans>
