<?xml version="1.0" encoding="UTF-8"?>
<!DOCTYPE mapper 
PUBLIC "-//mybatis.org//DTD Mapper 3.0//EN"
"http://mybatis.org/dtd/mybatis-3-mapper.dtd" >
 
<mapper namespace="com.exam.repository.CustomerRepository">


      <insert id="insertCustomer" parameterType="Customer">
        insert into MSA_CUSTOMER ( email, pwd, name ) 
        values (#{email}, #{pwd}, #{name})
    </insert>

    <select id="login" resultType="Customer" 
 	parameterType="Customer">
 		select email, pwd, name
 		from MSA_CUSTOMER
 		where email = #{email} and pwd = #{pwd}
 	</select>
 	
    
 	<select id="selectCustomerByEmail" resultType="Customer" 
 	parameterType="string">
 		select email, pwd, name
 		from MSA_CUSTOMER
 		where email = #{email}
 	</select>
 	

 	<delete id="deleteCustomer" parameterType="string">
 		delete from MSA_CUSTOMER
 		where email = #{email}
 	</delete>
 	
 
</mapper>
