<?xml version="1.0" encoding="UTF-8"?>
<beans xmlns="http://www.springframework.org/schema/beans"
	xmlns:xsi="http://www.w3.org/2001/XMLSchema-instance"
	xmlns:context="http://www.springframework.org/schema/context"
	xsi:schemaLocation="http://www.springframework.org/schema/beans https://www.springframework.org/schema/beans/spring-beans.xsd
		http://www.springframework.org/schema/context http://www.springframework.org/schema/context/spring-context-4.3.xsd">
	
    <!-- servlet-context.xml -->		
    
    <!-- MultipartResolver 등록 -->
    <bean id="multipartResolver" 
         class="org.springframework.web.multipart.commons.CommonsMultipartResolver" >
      <property name="maxUploadSizePerFile" value="1024*1024*2"></property>
    
    </bean>
    
    <!-- jsp 전담 ViewResolver -->
    <bean id="jsp" class="org.springframework.web.servlet.view.InternalResourceViewResolver">
      <property name="prefix" value="/WEB-INF/views/" /> 
      <property name="suffix" value=".jsp" /> 
    </bean>
    
    
    <!-- Controller 등록 -->
    <context:component-scan base-package="com.*" />
</beans>
