<?xml version="1.0" encoding="UTF-8"?>
<beans xmlns="http://www.springframework.org/schema/beans"
	xmlns:xsi="http://www.w3.org/2001/XMLSchema-instance"
	xmlns:context="http://www.springframework.org/schema/context"
	xmlns:mvc="http://www.springframework.org/schema/mvc"
	xsi:schemaLocation="http://www.springframework.org/schema/mvc http://www.springframework.org/schema/mvc/spring-mvc-4.3.xsd
		http://www.springframework.org/schema/beans https://www.springframework.org/schema/beans/spring-beans.xsd
		http://www.springframework.org/schema/context http://www.springframework.org/schema/context/spring-context-4.3.xsd">
	
    <!-- servlet-context.xml -->	
    <mvc:annotation-driven />
    <mvc:default-servlet-handler/>

    <!-- 정적자원 경로 지정 -->
    <mvc:resources location="/WEB-INF/css/" mapping="/css/**" />	
    <mvc:resources location="/WEB-INF/js/" mapping="/js/**" />	
    <mvc:resources location="/WEB-INF/images/" mapping="/images/**" />	
    
    <!-- jsp 전담 ViewResolver -->
    <bean id="jsp" class="org.springframework.web.servlet.view.InternalResourceViewResolver">
      <property name="prefix" value="/WEB-INF/views/" /> 
      <property name="suffix" value=".jsp" /> 
    </bean>
    
    
    <!-- Controller 등록 -->
    <context:component-scan base-package="com.*" />
</beans>
