<?xml version="1.0" encoding="UTF-8"?>
<beans xmlns="http://www.springframework.org/schema/beans"
	xmlns:xsi="http://www.w3.org/2001/XMLSchema-instance"
	xsi:schemaLocation="http://www.springframework.org/schema/beans http://www.springframework.org/schema/beans/spring-beans.xsd">

	<!--  빈 등록 -->
	<bean id="xxx2" class="com.service.DeptServieImpl">
	  <constructor-arg name="n" value="10"></constructor-arg>
	</bean>
	
	<bean id="xxx" class="com.service.DeptServieImpl">
	  <constructor-arg name="n" value="10" />
	  <constructor-arg name="name" value="홍길동" />
	</bean>
</beans>
