<?xml version="1.0" encoding="UTF-8"?>
<beans xmlns="http://www.springframework.org/schema/beans"
	xmlns:xsi="http://www.w3.org/2001/XMLSchema-instance"
	xmlns:context="http://www.springframework.org/schema/context"
	xmlns:tx="http://www.springframework.org/schema/tx"
	xsi:schemaLocation="http://www.springframework.org/schema/beans http://www.springframework.org/schema/beans/spring-beans.xsd
		http://www.springframework.org/schema/context http://www.springframework.org/schema/context/spring-context-4.3.xsd
		http://www.springframework.org/schema/tx http://www.springframework.org/schema/tx/spring-tx-4.3.xsd">

    <!-- //////////////////////////////////////////////////////////////////////////////////// -->
    <!-- 1. jdbc.properties 등록 -->
    <context:property-placeholder location="classpath:com/config/jdbc.properties"/>
    
    <!-- 2. DBCP 등록 -->
    <bean id="xxx" class="org.apache.commons.dbcp2.BasicDataSource">
    	<property name="driverClassName" value="${jdbc.driver}" />
    	<property name="url" value="${jdbc.url}" />
    	<property name="username" value="${jdbc.userid}" />
    	<property name="password" value="${jdbc.passwd}" />
    </bean>
 <!-- transaction 처리 -->
    <tx:annotation-driven transaction-manager="txManager"/> 

    <bean id="txManager" class="org.springframework.jdbc.datasource.DataSourceTransactionManager">
        <!-- (this dependency is defined somewhere else) -->
        <property name="dataSource" ref="xxx"/>
    </bean>
 <!-- transaction 처리 -->




     <!-- 3. SqlSessionFactoryBean 얻기 -->
    <bean id="sessionFactoryBean" class="org.mybatis.spring.SqlSessionFactoryBean">
    	<property name="dataSource" ref="xxx" />
    	<property name="mapperLocations">
    	 <list>
    	   <value>classpath:com/config/DeptMapper.xml</value>
    	 </list>
    	</property>
    	<property name="typeAliases">
    	  <list>
    	     <value>com.dto.DeptDTO</value>
    	  </list>
    	</property>
    </bean>
    
    <!-- 4.  SqlSessionTemplate 얻기 -->
    <bean id="sessionTemplate" class="org.mybatis.spring.SqlSessionTemplate">
        <constructor-arg name="sqlSessionFactory" ref="sessionFactoryBean" />
     </bean>
    <!-- //////////////////////////////////////////////////////////////////////////////////// -->
    
    <context:component-scan base-package="com.*" />
</beans>
