<?xml version="1.0" encoding="UTF-8" ?>
<!DOCTYPE mapper
  PUBLIC "-//mybatis.org//DTD Mapper 3.0//EN"
  "https://mybatis.org/dtd/mybatis-3-mapper.dtd">
<mapper namespace="com.config.DeptMapper">

  <select id="findAll" resultType="DeptDTO">
     select deptno , dname , loc 
     from dept
  </select>
  
  <insert id="save" parameterType="DeptDTO">
    insert into dept ( deptno, dname, loc)
    values ( #{deptno}, #{dname}, #{loc})
  </insert>
  
  <update id="update" parameterType="DeptDTO">
    update dept
    set dname= #{dname}, loc=#{loc}
    where deptno=#{deptno}
  </update>
  
  <delete id="remove" parameterType="int">
    delete from dept
     where deptno=#{deptno}
  </delete>
</mapper>



